{"cameraMode":{"drawMode":0,"name":"Shaded","section":"Shading Mode"},"sceneLighting":false,"audioPlay":false,"sceneViewState":{"showFog":true,"showMaterialUpdate":false,"showSkybox":true,"showFlares":true,"showImageEffects":true,"showParticleSystems":true},"in2DMode":false,"pivot":{"x":2.893641233444214,"y":-0.4257499575614929,"z":-0.9305624961853027},"rotation":{"x":-0.0608273483812809,"y":-0.8476770520210266,"z":0.0996360033750534,"w":-0.5175098180770874},"size":5.192909240722656,"orthographic":false}